{
  "products": [
    {
      "id": 2,
      "name": "Adidas Tiempo",
      "price": 70,
      "category": "boots",
      "image": "http://cdn.shopify.com/s/files/1/0730/3335/products/D97980_FTW_photo_side-lateral-center_transparent_grande.png?v=1546239434",
      "brands": "adidas",
      "descriptions": "good boots "
    },
    {
      "id": 3,
      "name": "Liverpool t-shirt",
      "price": 30,
      "category": "t-shirt",
      "image": "https://i2.wp.com/tshirtfc.store/wp-content/uploads/2018/02/liverpool.png?fit=300%2C300&ssl=1",
      "brands": "newBalance",
      "descriptions": "Lorem ipsum dolor sit amet consectetur adipisicing elit"
    },
    {
      "id": 4,
      "name": "Bayern shorts",
      "price": 20,
      "category": "shorts",
      "image": "https://img.fcbayern.com/image/upload/f_auto,q_auto/t_productstage/eCommerce/produkte/21202/fc-bayern-short-home.png",
      "brands": "nike",
      "descriptions": "Lorem ipsum dolor sit amet consectetur adipisicing elit"
    },
    {
      "id": 5,
      "name": "Puma gloves",
      "price": 50,
      "category": "gloves",
      "image": "https://www.imagehandler.net/?iset=0108&img=A89584000&fmt=png&w=300&h=300&iindex=0055&c=999&cmp=85",
      "brands": "puma",
      "descriptions": "Lorem ipsum dolor sit amet consectetur adipisicing elit"
    },
    {
      "id": 7,
      "name": "PSG shorts",
      "price": 40,
      "category": "shorts",
      "image": "https://ezshopnetcdn.azureedge.net/files/images/products/18800/18756_psg-away-shorts-2016-17_01.png",
      "brands": "nike",
      "descriptions": "Lorem ipsum dolor sit amet consectetur adipisicing elit"
    },
    {
      "id": 8,
      "name": "CR7",
      "price": 120,
      "category": "boots",
      "image": "https://shop.playerscout.co.uk/wp-content/uploads/2018/04/Nike-Mercurial-Superfly-360-Elite-CR7-Firm-Ground-Football-Boot-Green-1.png",
      "brands": "nike",
      "descriptions": "lorem lorem lorem"
    },
    {
      "id": 10,
      "name": "Umbro gloves",
      "price": 45,
      "category": "gloves",
      "image": "https://images.ua.prom.st/993238782_w640_h640_snimok_ekrana___v_23.53.50.png",
      "brands": "umbro",
      "descriptions": "lorem lorem"
    },
    {
      "id": 11,
      "name": "Adidas gloves",
      "price": 55,
      "category": "gloves",
      "image": "https://www.keeperstop.com/data/catalog/products/images/463/original/AceZonesUltimatePair.png",
      "brands": "adidas",
      "descriptions": "lorem lorem"
    },
    {
      "id": 12,
      "name": "Man Utd T-Shirt",
      "price": 30,
      "category": "t-shirt",
      "image": "https://db3ujbgzkl8k8.cloudfront.net/catalog/product/thumbnail/7f19a17749e952964d76f126b740b9f0/image/700x700/000/80/b/s/bs1214_manu_home_front.png",
      "brands": "adidas",
      "descriptions": "lorem"
    },
    {
      "id": 13,
      "name": "Dortmund T-Shirt",
      "price": 40,
      "category": "t-shirt",
      "image": "https://www.imagehandler.net/?iset=0108&img=A88294000&fmt=png&w=300&h=300&iindex=0007&c=999&cmp=85",
      "brands": "puma",
      "descriptions": "lorem lorem"
    },
    {
      "id": 14,
      "name": "Arsenal T-Shirt",
      "price": 25,
      "category": "t-shirt",
      "image": "https://i1.wp.com/tshirtfc.store/wp-content/uploads/2018/02/arsenal.png?fit=600%2C600&ssl=1",
      "brands": "puma",
      "descriptions": "lorem lorem"
    },
    {
      "id": 17,
      "name": "Umbro GT",
      "price": 90,
      "category": "boots",
      "image": "https://sportlockerdotcom.files.wordpress.com/2011/12/80390u_bfz_a.png",
      "brands": "umbro",
      "descriptions": "Very good boots i am recomend"
    },
    {
      "id": 18,
      "name": "New Balance Knetick Switch",
      "price": 90,
      "category": "boots",
      "image": "https://cdn.shopify.com/s/files/1/1274/3483/products/NB_Tekela_1_grande.png?v=1548388333",
      "brands": "newBalance",
      "descriptions": "good shoes"
    },
    {
      "id": 19,
      "name": "t-shirt Inter Milan",
      "price": 40,
      "category": "t-shirt",
      "image": "https://sport-x.com.ua/images/19/futbolnaya-forma-inter-domashnyaya-2018-2019-50401207797067_small6.jpg",
      "brands": "nike",
      "descriptions": "dfdf"
    },
    {
      "id": 20,
      "name": "Barcelona T-Shirt",
      "price": 40,
      "category": "t-shirt",
      "image": "http://www.mmsport.ru/wp/wp-content/uploads/sites/2/2015/05/barcelona-home-jersey-2015-16.png",
      "brands": "nike",
      "descriptions": "lorem lorem lorem"
    },
    {
      "id": 21,
      "name": "T-Shirt Juventus",
      "price": 40,
      "category": "t-shirt",
      "image": "https://images.ua.prom.st/1365693946_w200_h200_zagruzheno_6.png",
      "brands": "adidas",
      "descriptions": "lorem lorem lorem"
    },
    {
      "id": 22,
      "name": "Atletico Madrid T-Shirt",
      "price": 40,
      "category": "t-shirt",
      "image": "https://sport-x.com.ua/images/42/futbolnaya-forma-atletiko-madrid-domashnyaya-2017-2018-27706435067295_small6.jpg",
      "brands": " nike",
      "descriptions": "lorem lorem second club in Madrid"
    },
    {
      "id": 23,
      "name": "Roma club shorts",
      "price": 30,
      "category": "shorts",
      "image": "https://www.excell-sports.com/images/nike-as-roma-home-mens-short-2018-2019-p13695-67525_image.jpg",
      "brands": "nike",
      "descriptions": "lorem lorem"
    },
    {
      "id": 24,
      "name": "Lazio shorts",
      "price": 23,
      "category": "shorts",
      "image": "https://macron-jdzixl5aujvrbnlq.stackpathdns.com/media/catalog/product/cache/1/thumbnail/600x/9df78eab33525d08d6e5fb8d27136e95/5/8/58086215.jpg",
      "brands": "macron",
      "descriptions": "lorem lorem Forza Lazio"
    },
    {
      "id": 25,
      "name": "Real Madric C.F. shorts",
      "price": 45,
      "category": "shorts",
      "image": "https://www.teamzo.com/images/real-madrid-2014-15-adidas-home-football-shorts.jpg",
      "brands": "adidas",
      "descriptions": "The best club in the world"
    },
    {
      "id": 26,
      "name": "Liverpool shorts",
      "price": 30,
      "category": "shorts",
      "image": "https://www.thegaastore.com/Images/Models/Full/82686.Jpg",
      "brands": "newBalance",
      "descriptions": "Salah run "
    },
    {
      "id": 27,
      "name": "Joma shorts",
      "price": 20,
      "category": "shorts",
      "image": "https://www.joma-sport.com/files/0001/jomabeta987543098359809538245098/web.system/assets/products/20161128183701.100053.100.jpg",
      "brands": "joma",
      "descriptions": "Nice"
    },
    {
      "id": 28,
      "name": "Joma T-Shirt",
      "price": 60,
      "category": "t-shirt",
      "image": "http://clubstore.fr/WebRoot/LaPoste2/Shops/box15296/5AAE/CAF9/4C0F/5215/1E18/0A0C/05BB/78BA/100943.901.jpg",
      "brands": "joma",
      "descriptions": "Good things"
    },
    {
      "id": 29,
      "name": "Joma Gloves",
      "price": 90,
      "category": "gloves",
      "image": "https://sc02.alicdn.com/kf/UTB8sU04gGrFXKJk43Ovq6ybnpXal.jpg",
      "brands": "joma",
      "descriptions": "very nice things"
    },
    {
      "id": 30,
      "name": "Joma boots",
      "price": 90,
      "category": "boots",
      "image": "https://www.futbolemotion.com/imagesarticulos/116257/grandes/bota-joma-champion-ag-blue-0.jpg",
      "brands": "joma",
      "descriptions": "Buy please me"
    },
    {
      "id": 32,
      "name": "Adidas boots",
      "price": 99,
      "category": "boots",
      "image": "https://images.sportsdirect.com/images/products/20317813_l.jpg",
      "brands": "adidas",
      "descriptions": "lorem lorem lorem"
    },
    {
      "id": 33,
      "name": "Nike socks boots",
      "price": 95,
      "category": "boots",
      "image": "https://images.sportsdirect.com/images/products/08526713_l.jpg",
      "brands": "nike",
      "descriptions": "lorem lorem lorem"
    },
    {
      "id": 34,
      "name": "Adidas boots",
      "price": 120,
      "category": "boots",
      "image": "https://images.sportsdirect.com/images/products/08638912_l.jpg",
      "brands": "adidas",
      "descriptions": "The best boots in the world"
    },
    {
      "id": 35,
      "name": "adidas x football boots",
      "price": 90,
      "category": "boots",
      "image": "https://www.lillywhites.com/images/products/20314901_l.jpg",
      "brands": "adidas",
      "descriptions": "lorem lorem"
    },
    {
      "id": 36,
      "name": "Bayern Munich T-Shirt",
      "price": 40,
      "category": "t-shirt",
      "image": "https://img.fcbayern.com/image/upload/f_auto,q_auto/t_productstage/eCommerce/produkte/22909/fc-bayern-trikot-home-18-19.png",
      "brands": "adidas",
      "descriptions": "lorem lorem"
    },
    {
      "id": 37,
      "name": "Dynamo Kyiv T-Shirt",
      "price": 40,
      "category": "t-shirt",
      "image": "https://media.newbalance.ua/images/51/f5/bc521d33d6a36c38cc89d278a032.jpg",
      "brands": "newBalance",
      "descriptions": "lorem lorem"
    },
    {
      "id": 38,
      "name": "Chelsea T-Shirt",
      "price": 40,
      "category": "t-shirt",
      "image": "https://images.nike.com/is/image/DotCom/THN_PS/919009_496/2018-19-chelsea-fc-stadium-home-football-shirt.jpg?hei=620&wid=620&fmt=png",
      "brands": "nike",
      "descriptions": "lorem lorem lorem"
    },
    {
      "id": 39,
      "name": "Everton T-Shirt",
      "price": 30,
      "category": "t-shirt",
      "image": "https://cdn1.uksoccershop.com/images/cache/1525095490-everton-umbro-2018-19-home-football-shirt-475x0.jpg",
      "brands": "umbro",
      "descriptions": "lorem lorem"
    },
    {
      "id": 40,
      "name": "West Ham United T-Shirt",
      "price": 25,
      "category": "t-shirt",
      "image": "https://images-na.ssl-images-amazon.com/images/I/61K-QLl5W2L._SX425_.jpg",
      "brands": "umbro",
      "descriptions": "lorem lorem"
    },
    {
      "id": 41,
      "name": "PSV T-Shirt",
      "price": 15,
      "category": "t-shirt",
      "image": "https://www.deepinlinux.fr/media/import/Images/ensemble%20de%20foot%20PSV%20Entra%C3%AEnement-172dgw.jpg",
      "brands": "umbro",
      "descriptions": "lorem lorem"
    },
    {
      "id": 42,
      "name": "Umbro football shorts",
      "price": 10,
      "category": "shorts",
      "image": "https://www.rebelsport.com.au/dw/image/v2/BBRV_PRD/on/demandware.static/-/Sites-srg-internal-master-catalog/default/dw7ffbf0ec/images/47310701/Rebel_47310701_royal_hi-res.jpg?sw=1000&sh=1000&sm=fit",
      "brands": "umbro",
      "descriptions": "lorem lorem"
    },
    {
      "id": 43,
      "name": "Umbro Football Shorts",
      "price": 10,
      "category": "shorts",
      "image": "https://www.startfitness.co.uk/media/catalog/product/cache/6/image/800x/9df78eab33525d08d6e5fb8d27136e95/u/m/umbro-shorts-687874-074.jpg",
      "brands": "umbro",
      "descriptions": "lorem lorem"
    },
    {
      "id": 44,
      "name": "Umbro football boots",
      "price": 40,
      "category": "boots",
      "image": "https://ae01.alicdn.com/kf/HTB1OXCkaaSWBuNjSsrbq6y0mVXaV/Umbro-Football-Shoes-New-Men-Rubber-Breathable-Anti-Skid-Students-Adult-Competition-Training-Soccer-Shoes-Ucb90105.jpg",
      "brands": "umbro",
      "descriptions": "lorem lorem"
    },
    {
      "id": 45,
      "name": "Reebok boots",
      "price": 60,
      "category": "boots",
      "image": "https://ak1.ostkcdn.com/images/products/18035626/Reebok-PRO-BURNER-SPD-III-LOW-M3-Mens-Football-Shoes-White-Orange-94538e52-12a2-4f13-ada8-c64350e4d2de_600.jpg",
      "brands": "reebok",
      "descriptions": "lorem lorem"
    },
    {
      "id": 46,
      "name": "Umbro football boots",
      "price": 40,
      "category": "boots",
      "image": "https://ak1.ostkcdn.com/images/products/18037701/Reebok-Mens-Pro-Pump-Burner-Speed-M2-White-Black-Molded-Football-Cleat-b1628775-a06d-4982-92f1-598aa8036bbd_600.jpg",
      "brands": "reebok",
      "descriptions": "lorem lorem"
    },
    {
      "id": 47,
      "name": "Reebok football T-Shirt",
      "price": 30,
      "category": "t-shirt",
      "image": "http://www.starmaillot.com/files/2013/05/maillot-lens-2010-2011-domicile.jpg",
      "brands": "reebok",
      "descriptions": "lorem lorem"
    },
    {
      "id": 48,
      "name": "Nike gloves",
      "price": 90,
      "category": "gloves",
      "image": "https://www.proball.ru/upload/images/35630693/9ccdd96412e56dcb02776fb3773d9290_500_500.jpg",
      "brands": "nike",
      "descriptions": "lorem lorem"
    },
    {
      "id": 49,
      "name": "Nike gloves",
      "price": 85,
      "category": "gloves",
      "image": "https://www.futbolemotion.com/imagesarticulos/114299/540/guante-nike-spyne-pro-white-photo-blue-chlorine-blue-black-0.jpg",
      "brands": "nike",
      "descriptions": "lorem lorem"
    },
    {
      "id": 50,
      "name": "Nike gloves",
      "price": 90,
      "category": "gloves",
      "image": "http://www.imagehandler.net/?iset=0002&img=A1004832000&fmt=png&w=300&h=300&iindex=0055&c=999&cmp=85",
      "brands": "nike",
      "descriptions": "lorem lorem"
    },
    {
      "id": 51,
      "name": "Nike Gloves",
      "price": 100,
      "category": "gloves",
      "image": "https://www.futbolemotion.com/imagesarticulos/112912/grandes/guante-nike-spyne-pro-electric-green-volt-black-0.jpg",
      "brands": "nike",
      "descriptions": "lorem lorem"
    },
    {
      "id": 52,
      "name": "Nike Mercurial Victory",
      "price": 120,
      "category": "boots",
      "image": "https://i.ebayimg.com/images/g/EvgAAOSwq8BZbKg6/s-l640.jpg",
      "brands": "nike",
      "descriptions": "lorem lorem"
    },
    {
      "id": 53,
      "name": "Nike football shields",
      "price": 20,
      "category": "accessories",
      "image": "https://soccerpoint.com.ua/upload/catalog/11200/11115/t_futbolnie-shchitki-nike-j-guard-ce-sp2162-731.jpg",
      "brands": "nike",
      "descriptions": "lorem lorem"
    },
    {
      "id": 54,
      "name": "Nike La Liga ball",
      "price": 90,
      "category": "ball",
      "image": "https://cdn3.volusion.com/goz35.avhz4/v/vspfiles/photos/EB-NISC2303-301-2.jpg?1456231556",
      "brands": "nike",
      "descriptions": "lorem lorem lorem"
    },
    {
      "id": 55,
      "name": "Adidas ball UCL",
      "price": 90,
      "category": "ball",
      "image": "https://www.soccermaster.com/wp-content/uploads/cw4134_adidas_finale_18_ucl_top_trainer_ball_sm_01.jpg",
      "brands": "adidas",
      "descriptions": "lorem lorem"
    },
    {
      "id": 56,
      "name": "Щитки nike",
      "price": 40,
      "category": "accessories",
      "image": "https://sport-x.com.ua/images/6/futbolnye-shchitki-nike-shin-pads-charge-2.0-80841967912634_small6.jpg",
      "brands": "nike",
      "descriptions": "sdafasfddfsafsda"
    }
  ],
  "brands": [
    {
      "name": "puma",
      "id": 1
    },
    {
      "name": "adidas",
      "id": 2
    },
    {
      "name": "nike",
      "id": 3
    },
    {
      "name": "joma",
      "id": 4
    },
    {
      "name": "reebok",
      "id": 5
    },
    {
      "name": "umbro",
      "id": 6
    },
    {
      "name": "newBalance",
      "id": 7
    }
  ],
  "category": [
    {
      "id": 1,
      "name": "boots",
      "img": "../../../../assets/img/1.jpg"
    },
    {
      "id": 2,
      "name": "t-shirt",
      "img": "../../../../assets/img/2.jpg"
    },
    {
      "id": 3,
      "name": "shorts",
      "img": "../../../../assets/img/3.jpg"
    },
    {
      "id": 4,
      "name": "gloves",
      "img": "../../../../assets/img/4.jpg"
    },
    {
      "name": "ball",
      "img": "https://i1.rozetka.ua/goods/1832635/13450775_images_1832635100.jpg",
      "id": 5
    },
    {
      "name": "accessories",
      "img": "https://soccerpoint.com.ua/upload/menu/7871190/mercurial-lite-shinpads-img1.jpg",
      "id": 6
    }
  ],
  "basketProducts": [
    {
      "id": 30,
      "name": "Joma boots",
      "price": 90,
      "category": "boots",
      "image": "https://www.futbolemotion.com/imagesarticulos/116257/grandes/bota-joma-champion-ag-blue-0.jpg",
      "brands": "joma",
      "descriptions": "Buy please me"
    },
    {
      "id": 8,
      "name": "CR7",
      "price": 120,
      "category": "boots",
      "image": "https://shop.playerscout.co.uk/wp-content/uploads/2018/04/Nike-Mercurial-Superfly-360-Elite-CR7-Firm-Ground-Football-Boot-Green-1.png",
      "brands": "nike",
      "descriptions": "lorem lorem lorem"
    },
    {
      "id": 38,
      "name": "Chelsea T-Shirt",
      "price": 40,
      "category": "t-shirt",
      "image": "https://images.nike.com/is/image/DotCom/THN_PS/919009_496/2018-19-chelsea-fc-stadium-home-football-shirt.jpg?hei=620&wid=620&fmt=png",
      "brands": "nike",
      "descriptions": "lorem lorem lorem"
    }
  ],
  "adminOrder": [
    {
      "products": [
        {
          "id": 11,
          "name": "Adidas gloves",
          "price": 55,
          "category": "gloves",
          "image": "https://www.keeperstop.com/data/catalog/products/images/463/original/AceZonesUltimatePair.png",
          "brands": "adidas",
          "descriptions": "lorem lorem"
        },
        {
          "id": 39,
          "name": "Everton T-Shirt",
          "price": 30,
          "category": "t-shirt",
          "image": "https://cdn1.uksoccershop.com/images/cache/1525095490-everton-umbro-2018-19-home-football-shirt-475x0.jpg",
          "brands": "umbro",
          "descriptions": "lorem lorem"
        },
        {
          "id": 52,
          "name": "Nike Mercurial Victory VI DF FG ",
          "price": 120,
          "category": "boots",
          "image": "https://i.ebayimg.com/images/g/EvgAAOSwq8BZbKg6/s-l640.jpg",
          "brands": "nike",
          "descriptions": "lorem lorem"
        }
      ],
      "firstName": "dhsfjgdjh",
      "secondName": "gjhdsagjhda",
      "address": "adsfdfasasfd",
      "status": "delivered",
      "id": 1
    },
    {
      "products": [
        {
          "id": 13,
          "name": "Dortmund T-Shirt",
          "price": 40,
          "category": "t-shirt",
          "image": "https://www.imagehandler.net/?iset=0108&img=A88294000&fmt=png&w=300&h=300&iindex=0007&c=999&cmp=85",
          "brands": "puma",
          "descriptions": "lorem lorem"
        },
        {
          "id": 14,
          "name": "Arsenal T-Shirt",
          "price": 25,
          "category": "t-shirt",
          "image": "https://i1.wp.com/tshirtfc.store/wp-content/uploads/2018/02/arsenal.png?fit=600%2C600&ssl=1",
          "brands": "puma",
          "descriptions": "lorem lorem"
        },
        {
          "id": 15,
          "name": "Puma boots",
          "price": 50,
          "category": "boots",
          "image": "https://www.sw.com.au/media/catalog/product/cache/1/thumbnail/750x750/9df78eab33525d08d6e5fb8d27136e95/1/0/104527_01_main.png",
          "brands": "puma",
          "descriptions": "lorem lorem lorem"
        }
      ],
      "firstName": "Andrew",
      "secondName": "Gaydar",
      "address": "Lviv",
      "status": "delivered",
      "id": 2
    },
    {
      "products": [
        {
          "id": 8,
          "name": "CR7",
          "price": 120,
          "category": "boots",
          "image": "https://shop.playerscout.co.uk/wp-content/uploads/2018/04/Nike-Mercurial-Superfly-360-Elite-CR7-Firm-Ground-Football-Boot-Green-1.png",
          "brands": "nike",
          "descriptions": "lorem lorem lorem"
        },
        {
          "id": 21,
          "name": "T-Shirt Juventus",
          "price": 40,
          "category": "t-shirt",
          "image": "https://images.ua.prom.st/1365693946_w200_h200_zagruzheno_6.png",
          "brands": "adidas",
          "descriptions": "lorem lorem lorem"
        },
        {
          "id": 13,
          "name": "Dortmund T-Shirt",
          "price": 40,
          "category": "t-shirt",
          "image": "https://www.imagehandler.net/?iset=0108&img=A88294000&fmt=png&w=300&h=300&iindex=0007&c=999&cmp=85",
          "brands": "puma",
          "descriptions": "lorem lorem"
        },
        {
          "id": 10,
          "name": "Umbro gloves",
          "price": 45,
          "category": "gloves",
          "image": "https://images.ua.prom.st/993238782_w640_h640_snimok_ekrana___v_23.53.50.png",
          "brands": "umbro",
          "descriptions": "lorem lorem"
        },
        {
          "id": 7,
          "name": "PSG shorts",
          "price": 40,
          "category": "shorts",
          "image": "https://ezshopnetcdn.azureedge.net/files/images/products/18800/18756_psg-away-shorts-2016-17_01.png",
          "brands": "nike",
          "descriptions": "Lorem ipsum dolor sit amet consectetur adipisicing elit"
        },
        {
          "id": 16,
          "name": "Tottenham shorts",
          "price": 30,
          "category": "shorts",
          "image": "https://zealevince.com/wp-content/uploads/2018/02/Tottenham-Hotspurs-Football-Shorts-Home-17-18-Season-1.png",
          "brands": "nike",
          "descriptions": "lorem lorem"
        },
        {
          "id": 11,
          "name": "Adidas gloves",
          "price": 55,
          "category": "gloves",
          "image": "https://www.keeperstop.com/data/catalog/products/images/463/original/AceZonesUltimatePair.png",
          "brands": "adidas",
          "descriptions": "lorem lorem"
        },
        {
          "id": 15,
          "name": "Puma boots",
          "price": 50,
          "category": "boots",
          "image": "https://www.sw.com.au/media/catalog/product/cache/1/thumbnail/750x750/9df78eab33525d08d6e5fb8d27136e95/1/0/104527_01_main.png",
          "brands": "puma",
          "descriptions": "lorem lorem lorem"
        },
        {
          "id": 14,
          "name": "Arsenal T-Shirt",
          "price": 25,
          "category": "t-shirt",
          "image": "https://i1.wp.com/tshirtfc.store/wp-content/uploads/2018/02/arsenal.png?fit=600%2C600&ssl=1",
          "brands": "puma",
          "descriptions": "lorem lorem"
        },
        {
          "id": 12,
          "name": "Man Utd T-Shirt",
          "price": 30,
          "category": "t-shirt",
          "image": "https://db3ujbgzkl8k8.cloudfront.net/catalog/product/thumbnail/7f19a17749e952964d76f126b740b9f0/image/700x700/000/80/b/s/bs1214_manu_home_front.png",
          "brands": "adidas",
          "descriptions": "lorem"
        },
        {
          "id": 3,
          "name": "Liverpool t-shirt",
          "price": 30,
          "category": "t-shirt",
          "image": "https://i2.wp.com/tshirtfc.store/wp-content/uploads/2018/02/liverpool.png?fit=300%2C300&ssl=1",
          "brands": "newBalance",
          "descriptions": "Lorem ipsum dolor sit amet consectetur adipisicing elit"
        }
      ],
      "firstName": "Jonh",
      "secondName": "Clean",
      "address": "New York",
      "status": "delivered",
      "id": 3
    },
    {
      "products": [
        {
          "id": 4,
          "name": "Bayern shorts",
          "price": 20,
          "category": "shorts",
          "image": "https://img.fcbayern.com/image/upload/f_auto,q_auto/t_productstage/eCommerce/produkte/21202/fc-bayern-short-home.png",
          "brands": "nike",
          "descriptions": "Lorem ipsum dolor sit amet consectetur adipisicing elit"
        },
        {
          "id": 5,
          "name": "Puma gloves",
          "price": 50,
          "category": "gloves",
          "image": "https://www.imagehandler.net/?iset=0108&img=A89584000&fmt=png&w=300&h=300&iindex=0055&c=999&cmp=85",
          "brands": "puma",
          "descriptions": "Lorem ipsum dolor sit amet consectetur adipisicing elit"
        }
      ],
      "firstName": "My",
      "secondName": "My",
      "address": "My",
      "status": "delivered",
      "id": 4
    },
    {
      "products": [
        {
          "id": 26,
          "name": "Liverpool shorts",
          "price": 30,
          "category": "shorts",
          "image": "https://www.thegaastore.com/Images/Models/Full/82686.Jpg",
          "brands": "newBalance",
          "descriptions": "Salah run "
        },
        {
          "id": 41,
          "name": "PSV T-Shirt",
          "price": 15,
          "category": "t-shirt",
          "image": "https://www.deepinlinux.fr/media/import/Images/ensemble%20de%20foot%20PSV%20Entra%C3%AEnement-172dgw.jpg",
          "brands": "umbro",
          "descriptions": "lorem lorem"
        },
        {
          "id": 21,
          "name": "T-Shirt Juventus",
          "price": 40,
          "category": "t-shirt",
          "image": "https://images.ua.prom.st/1365693946_w200_h200_zagruzheno_6.png",
          "brands": "adidas",
          "descriptions": "lorem lorem lorem"
        }
      ],
      "firstName": "Zinedin ",
      "secondName": "Zidan",
      "address": "France",
      "status": "delivered",
      "id": 5
    },
    {
      "products": [
        {
          "id": 8,
          "name": "CR7",
          "price": 120,
          "category": "boots",
          "image": "https://shop.playerscout.co.uk/wp-content/uploads/2018/04/Nike-Mercurial-Superfly-360-Elite-CR7-Firm-Ground-Football-Boot-Green-1.png",
          "brands": "nike",
          "descriptions": "lorem lorem lorem"
        },
        {
          "id": 33,
          "name": "Nike socks boots",
          "price": 95,
          "category": "boots",
          "image": "https://images.sportsdirect.com/images/products/08526713_l.jpg",
          "brands": "nike",
          "descriptions": "lorem lorem lorem"
        },
        {
          "id": 49,
          "name": "Nike gloves",
          "price": 85,
          "category": "gloves",
          "image": "https://www.futbolemotion.com/imagesarticulos/114299/540/guante-nike-spyne-pro-white-photo-blue-chlorine-blue-black-0.jpg",
          "brands": "nike",
          "descriptions": "lorem lorem"
        },
        {
          "id": 50,
          "name": "Nike gloves",
          "price": 90,
          "category": "gloves",
          "image": "http://www.imagehandler.net/?iset=0002&img=A1004832000&fmt=png&w=300&h=300&iindex=0055&c=999&cmp=85",
          "brands": "nike",
          "descriptions": "lorem lorem"
        },
        {
          "id": 47,
          "name": "Reebok football T-Shirt",
          "price": 30,
          "category": "t-shirt",
          "image": "http://www.starmaillot.com/files/2013/05/maillot-lens-2010-2011-domicile.jpg",
          "brands": "reebok",
          "descriptions": "lorem lorem"
        },
        {
          "id": 13,
          "name": "Dortmund T-Shirt",
          "price": 40,
          "category": "t-shirt",
          "image": "https://www.imagehandler.net/?iset=0108&img=A88294000&fmt=png&w=300&h=300&iindex=0007&c=999&cmp=85",
          "brands": "puma",
          "descriptions": "lorem lorem"
        },
        {
          "id": 20,
          "name": "Barcelona T-Shirt",
          "price": 40,
          "category": "t-shirt",
          "image": "http://www.mmsport.ru/wp/wp-content/uploads/sites/2/2015/05/barcelona-home-jersey-2015-16.png",
          "brands": "nike",
          "descriptions": "lorem lorem lorem"
        },
        {
          "id": 22,
          "name": "Atletico Madrid T-Shirt",
          "price": 40,
          "category": "t-shirt",
          "image": "https://sport-x.com.ua/images/42/futbolnaya-forma-atletiko-madrid-domashnyaya-2017-2018-27706435067295_small6.jpg",
          "brands": " nike",
          "descriptions": "lorem lorem second club in Madrid"
        },
        {
          "id": 19,
          "name": "t-shirt Inter Milan",
          "price": 40,
          "category": "t-shirt",
          "image": "https://sport-x.com.ua/images/19/futbolnaya-forma-inter-domashnyaya-2018-2019-50401207797067_small6.jpg",
          "brands": "nike",
          "descriptions": "dfdf"
        },
        {
          "id": 28,
          "name": "Joma T-Shirt",
          "price": 60,
          "category": "t-shirt",
          "image": "http://clubstore.fr/WebRoot/LaPoste2/Shops/box15296/5AAE/CAF9/4C0F/5215/1E18/0A0C/05BB/78BA/100943.901.jpg",
          "brands": "joma",
          "descriptions": "Good things"
        },
        {
          "id": 11,
          "name": "Adidas gloves",
          "price": 55,
          "category": "gloves",
          "image": "https://www.keeperstop.com/data/catalog/products/images/463/original/AceZonesUltimatePair.png",
          "brands": "adidas",
          "descriptions": "lorem lorem"
        },
        {
          "id": 10,
          "name": "Umbro gloves",
          "price": 45,
          "category": "gloves",
          "image": "https://images.ua.prom.st/993238782_w640_h640_snimok_ekrana___v_23.53.50.png",
          "brands": "umbro",
          "descriptions": "lorem lorem"
        },
        {
          "id": 5,
          "name": "Puma gloves",
          "price": 50,
          "category": "gloves",
          "image": "https://www.imagehandler.net/?iset=0108&img=A89584000&fmt=png&w=300&h=300&iindex=0055&c=999&cmp=85",
          "brands": "puma",
          "descriptions": "Lorem ipsum dolor sit amet consectetur adipisicing elit"
        },
        {
          "id": 12,
          "name": "Man Utd T-Shirt",
          "price": 30,
          "category": "t-shirt",
          "image": "https://db3ujbgzkl8k8.cloudfront.net/catalog/product/thumbnail/7f19a17749e952964d76f126b740b9f0/image/700x700/000/80/b/s/bs1214_manu_home_front.png",
          "brands": "adidas",
          "descriptions": "lorem"
        },
        {
          "id": 15,
          "name": "Puma boots",
          "price": 50,
          "category": "boots",
          "image": "https://www.sw.com.au/media/catalog/product/cache/1/thumbnail/750x750/9df78eab33525d08d6e5fb8d27136e95/1/0/104527_01_main.png",
          "brands": "puma",
          "descriptions": "lorem lorem lorem"
        },
        {
          "id": 48,
          "name": "Nike gloves",
          "price": 90,
          "category": "gloves",
          "image": "https://www.proball.ru/upload/images/35630693/9ccdd96412e56dcb02776fb3773d9290_500_500.jpg",
          "brands": "nike",
          "descriptions": "lorem lorem"
        },
        {
          "id": 7,
          "name": "PSG shorts",
          "price": 40,
          "category": "shorts",
          "image": "https://ezshopnetcdn.azureedge.net/files/images/products/18800/18756_psg-away-shorts-2016-17_01.png",
          "brands": "nike",
          "descriptions": "Lorem ipsum dolor sit amet consectetur adipisicing elit"
        },
        {
          "id": 14,
          "name": "Arsenal T-Shirt",
          "price": 25,
          "category": "t-shirt",
          "image": "https://i1.wp.com/tshirtfc.store/wp-content/uploads/2018/02/arsenal.png?fit=600%2C600&ssl=1",
          "brands": "puma",
          "descriptions": "lorem lorem"
        }
      ],
      "firstName": "Mendi",
      "secondName": "Oslan",
      "address": "Kazah",
      "status": "delivered",
      "id": 6
    },
    {
      "products": [
        {
          "id": 2,
          "name": "Adidas Tiempo",
          "price": 70,
          "category": "boots",
          "image": "http://cdn.shopify.com/s/files/1/0730/3335/products/D97980_FTW_photo_side-lateral-center_transparent_grande.png?v=1546239434",
          "brands": "adidas",
          "descriptions": "good boots "
        },
        {
          "id": 7,
          "name": "PSG shorts",
          "price": 40,
          "category": "shorts",
          "image": "https://ezshopnetcdn.azureedge.net/files/images/products/18800/18756_psg-away-shorts-2016-17_01.png",
          "brands": "nike",
          "descriptions": "Lorem ipsum dolor sit amet consectetur adipisicing elit"
        },
        {
          "id": 16,
          "name": "Tottenham shorts",
          "price": 30,
          "category": "shorts",
          "image": "https://zealevince.com/wp-content/uploads/2018/02/Tottenham-Hotspurs-Football-Shorts-Home-17-18-Season-1.png",
          "brands": "nike",
          "descriptions": "lorem lorem"
        },
        {
          "id": 51,
          "name": "Nike Gloves",
          "price": 100,
          "category": "gloves",
          "image": "https://www.futbolemotion.com/imagesarticulos/112912/grandes/guante-nike-spyne-pro-electric-green-volt-black-0.jpg",
          "brands": "nike",
          "descriptions": "lorem lorem"
        },
        {
          "id": 5,
          "name": "Puma gloves",
          "price": 50,
          "category": "gloves",
          "image": "https://www.imagehandler.net/?iset=0108&img=A89584000&fmt=png&w=300&h=300&iindex=0055&c=999&cmp=85",
          "brands": "puma",
          "descriptions": "Lorem ipsum dolor sit amet consectetur adipisicing elit"
        },
        {
          "id": 3,
          "name": "Liverpool t-shirt",
          "price": 30,
          "category": "t-shirt",
          "image": "https://i2.wp.com/tshirtfc.store/wp-content/uploads/2018/02/liverpool.png?fit=300%2C300&ssl=1",
          "brands": "newBalance",
          "descriptions": "Lorem ipsum dolor sit amet consectetur adipisicing elit"
        },
        {
          "id": 4,
          "name": "Bayern shorts",
          "price": 20,
          "category": "shorts",
          "image": "https://img.fcbayern.com/image/upload/f_auto,q_auto/t_productstage/eCommerce/produkte/21202/fc-bayern-short-home.png",
          "brands": "nike",
          "descriptions": "Lorem ipsum dolor sit amet consectetur adipisicing elit"
        },
        {
          "id": 8,
          "name": "CR7",
          "price": 120,
          "category": "boots",
          "image": "https://shop.playerscout.co.uk/wp-content/uploads/2018/04/Nike-Mercurial-Superfly-360-Elite-CR7-Firm-Ground-Football-Boot-Green-1.png",
          "brands": "nike",
          "descriptions": "lorem lorem lorem"
        },
        {
          "id": 12,
          "name": "Man Utd T-Shirt",
          "price": 30,
          "category": "t-shirt",
          "image": "https://db3ujbgzkl8k8.cloudfront.net/catalog/product/thumbnail/7f19a17749e952964d76f126b740b9f0/image/700x700/000/80/b/s/bs1214_manu_home_front.png",
          "brands": "adidas",
          "descriptions": "lorem"
        },
        {
          "id": 11,
          "name": "Adidas gloves",
          "price": 55,
          "category": "gloves",
          "image": "https://www.keeperstop.com/data/catalog/products/images/463/original/AceZonesUltimatePair.png",
          "brands": "adidas",
          "descriptions": "lorem lorem"
        },
        {
          "id": 10,
          "name": "Umbro gloves",
          "price": 45,
          "category": "gloves",
          "image": "https://images.ua.prom.st/993238782_w640_h640_snimok_ekrana___v_23.53.50.png",
          "brands": "umbro",
          "descriptions": "lorem lorem"
        },
        {
          "id": 13,
          "name": "Dortmund T-Shirt",
          "price": 40,
          "category": "t-shirt",
          "image": "https://www.imagehandler.net/?iset=0108&img=A88294000&fmt=png&w=300&h=300&iindex=0007&c=999&cmp=85",
          "brands": "puma",
          "descriptions": "lorem lorem"
        },
        {
          "id": 14,
          "name": "Arsenal T-Shirt",
          "price": 25,
          "category": "t-shirt",
          "image": "https://i1.wp.com/tshirtfc.store/wp-content/uploads/2018/02/arsenal.png?fit=600%2C600&ssl=1",
          "brands": "puma",
          "descriptions": "lorem lorem"
        },
        {
          "id": 15,
          "name": "Puma boots",
          "price": 50,
          "category": "boots",
          "image": "https://www.sw.com.au/media/catalog/product/cache/1/thumbnail/750x750/9df78eab33525d08d6e5fb8d27136e95/1/0/104527_01_main.png",
          "brands": "puma",
          "descriptions": "lorem lorem lorem"
        }
      ],
      "firstName": "Dynamo",
      "secondName": "Kyiv",
      "address": "Ukraine",
      "status": "delivered",
      "id": 7
    },
    {
      "products": [
        {
          "id": 16,
          "name": "Tottenham shorts",
          "price": 30,
          "category": "shorts",
          "image": "https://zealevince.com/wp-content/uploads/2018/02/Tottenham-Hotspurs-Football-Shorts-Home-17-18-Season-1.png",
          "brands": "nike",
          "descriptions": "lorem lorem"
        },
        {
          "id": 43,
          "name": "Umbro Football Shorts",
          "price": 10,
          "category": "shorts",
          "image": "https://www.startfitness.co.uk/media/catalog/product/cache/6/image/800x/9df78eab33525d08d6e5fb8d27136e95/u/m/umbro-shorts-687874-074.jpg",
          "brands": "umbro",
          "descriptions": "lorem lorem"
        },
        {
          "id": 17,
          "name": "Umbro GT",
          "price": 90,
          "category": "boots",
          "image": "https://sportlockerdotcom.files.wordpress.com/2011/12/80390u_bfz_a.png",
          "brands": "umbro",
          "descriptions": "Very good boots i am recomend"
        }
      ],
      "firstName": "dsfdfsa",
      "secondName": "dsdsaf",
      "address": "adsfasdfads",
      "status": "delivered",
      "id": 8
    },
    {
      "products": [
        {
          "id": 50,
          "name": "Nike gloves",
          "price": 90,
          "category": "gloves",
          "image": "http://www.imagehandler.net/?iset=0002&img=A1004832000&fmt=png&w=300&h=300&iindex=0055&c=999&cmp=85",
          "brands": "nike",
          "descriptions": "lorem lorem"
        },
        {
          "id": 54,
          "name": "Nike La Liga ball",
          "price": 90,
          "category": "ball",
          "image": "https://cdn3.volusion.com/goz35.avhz4/v/vspfiles/photos/EB-NISC2303-301-2.jpg?1456231556",
          "brands": "nike",
          "descriptions": "lorem lorem lorem"
        },
        {
          "id": 55,
          "name": "Adidas ball UCL",
          "price": 90,
          "category": "ball",
          "image": "https://www.soccermaster.com/wp-content/uploads/cw4134_adidas_finale_18_ucl_top_trainer_ball_sm_01.jpg",
          "brands": "adidas",
          "descriptions": "lorem lorem"
        },
        {
          "id": 25,
          "name": "Real Madric C.F. shorts",
          "price": 45,
          "category": "shorts",
          "image": "https://www.teamzo.com/images/real-madrid-2014-15-adidas-home-football-shorts.jpg",
          "brands": "adidas",
          "descriptions": "The best club in the world"
        },
        {
          "id": 44,
          "name": "Umbro football boots",
          "price": 40,
          "category": "boots",
          "image": "https://ae01.alicdn.com/kf/HTB1OXCkaaSWBuNjSsrbq6y0mVXaV/Umbro-Football-Shoes-New-Men-Rubber-Breathable-Anti-Skid-Students-Adult-Competition-Training-Soccer-Shoes-Ucb90105.jpg",
          "brands": "umbro",
          "descriptions": "lorem lorem"
        }
      ],
      "firstName": "Vitalik",
      "secondName": "Yaremkiv",
      "address": "Ryasne",
      "status": "delivered",
      "id": 9
    },
    {
      "products": [
        {
          "id": 13,
          "name": "Dortmund T-Shirt",
          "price": 40,
          "category": "t-shirt",
          "image": "https://www.imagehandler.net/?iset=0108&img=A88294000&fmt=png&w=300&h=300&iindex=0007&c=999&cmp=85",
          "brands": "puma",
          "descriptions": "lorem lorem"
        }
      ],
      "firstName": "dsadsf",
      "secondName": "adsfdfsadf",
      "address": "sdaadfs",
      "status": "delivered",
      "id": 10
    },
    {
      "products": [
        {
          "id": 3,
          "name": "Liverpool t-shirt",
          "price": 30,
          "category": "t-shirt",
          "image": "https://i2.wp.com/tshirtfc.store/wp-content/uploads/2018/02/liverpool.png?fit=300%2C300&ssl=1",
          "brands": "newBalance",
          "descriptions": "Lorem ipsum dolor sit amet consectetur adipisicing elit"
        },
        {
          "id": 39,
          "name": "Everton T-Shirt",
          "price": 30,
          "category": "t-shirt",
          "image": "https://cdn1.uksoccershop.com/images/cache/1525095490-everton-umbro-2018-19-home-football-shirt-475x0.jpg",
          "brands": "umbro",
          "descriptions": "lorem lorem"
        }
      ],
      "firstName": "sdafds",
      "secondName": "fddf",
      "address": "sfddfsa",
      "status": "delivered",
      "id": 11
    },
    {
      "products": [
        {
          "id": 12,
          "name": "Man Utd T-Shirt",
          "price": 30,
          "category": "t-shirt",
          "image": "https://db3ujbgzkl8k8.cloudfront.net/catalog/product/thumbnail/7f19a17749e952964d76f126b740b9f0/image/700x700/000/80/b/s/bs1214_manu_home_front.png",
          "brands": "adidas",
          "descriptions": "lorem"
        }
      ],
      "firstName": "fdsa",
      "secondName": "fsd",
      "address": "sdfsfda",
      "status": "delivered",
      "id": 12
    },
    {
      "products": [
        {
          "id": 4,
          "name": "Bayern shorts",
          "price": 20,
          "category": "shorts",
          "image": "https://img.fcbayern.com/image/upload/f_auto,q_auto/t_productstage/eCommerce/produkte/21202/fc-bayern-short-home.png",
          "brands": "nike",
          "descriptions": "Lorem ipsum dolor sit amet consectetur adipisicing elit"
        },
        {
          "id": 3,
          "name": "Liverpool t-shirt",
          "price": 30,
          "category": "t-shirt",
          "image": "https://i2.wp.com/tshirtfc.store/wp-content/uploads/2018/02/liverpool.png?fit=300%2C300&ssl=1",
          "brands": "newBalance",
          "descriptions": "Lorem ipsum dolor sit amet consectetur adipisicing elit"
        },
        {
          "id": 2,
          "name": "Adidas Tiempo",
          "price": 70,
          "category": "boots",
          "image": "http://cdn.shopify.com/s/files/1/0730/3335/products/D97980_FTW_photo_side-lateral-center_transparent_grande.png?v=1546239434",
          "brands": "adidas",
          "descriptions": "good boots "
        },
        {
          "id": 5,
          "name": "Puma gloves",
          "price": 50,
          "category": "gloves",
          "image": "https://www.imagehandler.net/?iset=0108&img=A89584000&fmt=png&w=300&h=300&iindex=0055&c=999&cmp=85",
          "brands": "puma",
          "descriptions": "Lorem ipsum dolor sit amet consectetur adipisicing elit"
        },
        {
          "id": 7,
          "name": "PSG shorts",
          "price": 40,
          "category": "shorts",
          "image": "https://ezshopnetcdn.azureedge.net/files/images/products/18800/18756_psg-away-shorts-2016-17_01.png",
          "brands": "nike",
          "descriptions": "Lorem ipsum dolor sit amet consectetur adipisicing elit"
        },
        {
          "id": 13,
          "name": "Dortmund T-Shirt",
          "price": 40,
          "category": "t-shirt",
          "image": "https://www.imagehandler.net/?iset=0108&img=A88294000&fmt=png&w=300&h=300&iindex=0007&c=999&cmp=85",
          "brands": "puma",
          "descriptions": "lorem lorem"
        },
        {
          "id": 12,
          "name": "Man Utd T-Shirt",
          "price": 30,
          "category": "t-shirt",
          "image": "https://db3ujbgzkl8k8.cloudfront.net/catalog/product/thumbnail/7f19a17749e952964d76f126b740b9f0/image/700x700/000/80/b/s/bs1214_manu_home_front.png",
          "brands": "adidas",
          "descriptions": "lorem"
        },
        {
          "id": 11,
          "name": "Adidas gloves",
          "price": 55,
          "category": "gloves",
          "image": "https://www.keeperstop.com/data/catalog/products/images/463/original/AceZonesUltimatePair.png",
          "brands": "adidas",
          "descriptions": "lorem lorem"
        },
        {
          "id": 10,
          "name": "Umbro gloves",
          "price": 45,
          "category": "gloves",
          "image": "https://images.ua.prom.st/993238782_w640_h640_snimok_ekrana___v_23.53.50.png",
          "brands": "umbro",
          "descriptions": "lorem lorem"
        },
        {
          "id": 8,
          "name": "CR7",
          "price": 120,
          "category": "boots",
          "image": "https://shop.playerscout.co.uk/wp-content/uploads/2018/04/Nike-Mercurial-Superfly-360-Elite-CR7-Firm-Ground-Football-Boot-Green-1.png",
          "brands": "nike",
          "descriptions": "lorem lorem lorem"
        },
        {
          "id": 18,
          "name": "New Balance Knetick Switch",
          "price": 90,
          "category": "boots",
          "image": "https://cdn.shopify.com/s/files/1/1274/3483/products/NB_Tekela_1_grande.png?v=1548388333",
          "brands": "newBalance",
          "descriptions": "good shoes"
        },
        {
          "id": 19,
          "name": "t-shirt Inter Milan",
          "price": 40,
          "category": "t-shirt",
          "image": "https://sport-x.com.ua/images/19/futbolnaya-forma-inter-domashnyaya-2018-2019-50401207797067_small6.jpg",
          "brands": "nike",
          "descriptions": "dfdf"
        },
        {
          "id": 17,
          "name": "Umbro GT",
          "price": 90,
          "category": "boots",
          "image": "https://sportlockerdotcom.files.wordpress.com/2011/12/80390u_bfz_a.png",
          "brands": "umbro",
          "descriptions": "Very good boots i am recomend"
        },
        {
          "id": 15,
          "name": "Puma boots",
          "price": 50,
          "category": "boots",
          "image": "https://www.sw.com.au/media/catalog/product/cache/1/thumbnail/750x750/9df78eab33525d08d6e5fb8d27136e95/1/0/104527_01_main.png",
          "brands": "puma",
          "descriptions": "lorem lorem lorem"
        },
        {
          "id": 14,
          "name": "Arsenal T-Shirt",
          "price": 25,
          "category": "t-shirt",
          "image": "https://i1.wp.com/tshirtfc.store/wp-content/uploads/2018/02/arsenal.png?fit=600%2C600&ssl=1",
          "brands": "puma",
          "descriptions": "lorem lorem"
        },
        {
          "id": 20,
          "name": "Barcelona T-Shirt",
          "price": 40,
          "category": "t-shirt",
          "image": "http://www.mmsport.ru/wp/wp-content/uploads/sites/2/2015/05/barcelona-home-jersey-2015-16.png",
          "brands": "nike",
          "descriptions": "lorem lorem lorem"
        },
        {
          "id": 21,
          "name": "T-Shirt Juventus",
          "price": 40,
          "category": "t-shirt",
          "image": "https://images.ua.prom.st/1365693946_w200_h200_zagruzheno_6.png",
          "brands": "adidas",
          "descriptions": "lorem lorem lorem"
        },
        {
          "id": 22,
          "name": "Atletico Madrid T-Shirt",
          "price": 40,
          "category": "t-shirt",
          "image": "https://sport-x.com.ua/images/42/futbolnaya-forma-atletiko-madrid-domashnyaya-2017-2018-27706435067295_small6.jpg",
          "brands": " nike",
          "descriptions": "lorem lorem second club in Madrid"
        },
        {
          "id": 23,
          "name": "Roma club shorts",
          "price": 30,
          "category": "shorts",
          "image": "https://www.excell-sports.com/images/nike-as-roma-home-mens-short-2018-2019-p13695-67525_image.jpg",
          "brands": "nike",
          "descriptions": "lorem lorem"
        },
        {
          "id": 24,
          "name": "Lazio shorts",
          "price": 23,
          "category": "shorts",
          "image": "https://macron-jdzixl5aujvrbnlq.stackpathdns.com/media/catalog/product/cache/1/thumbnail/600x/9df78eab33525d08d6e5fb8d27136e95/5/8/58086215.jpg",
          "brands": "macron",
          "descriptions": "lorem lorem Forza Lazio"
        },
        {
          "id": 29,
          "name": "Joma Gloves",
          "price": 90,
          "category": "gloves",
          "image": "https://sc02.alicdn.com/kf/UTB8sU04gGrFXKJk43Ovq6ybnpXal.jpg",
          "brands": "joma",
          "descriptions": "very nice things"
        },
        {
          "id": 28,
          "name": "Joma T-Shirt",
          "price": 60,
          "category": "t-shirt",
          "image": "http://clubstore.fr/WebRoot/LaPoste2/Shops/box15296/5AAE/CAF9/4C0F/5215/1E18/0A0C/05BB/78BA/100943.901.jpg",
          "brands": "joma",
          "descriptions": "Good things"
        },
        {
          "id": 27,
          "name": "Joma shorts",
          "price": 20,
          "category": "shorts",
          "image": "https://www.joma-sport.com/files/0001/jomabeta987543098359809538245098/web.system/assets/products/20161128183701.100053.100.jpg",
          "brands": "joma",
          "descriptions": "Nice"
        },
        {
          "id": 26,
          "name": "Liverpool shorts",
          "price": 30,
          "category": "shorts",
          "image": "https://www.thegaastore.com/Images/Models/Full/82686.Jpg",
          "brands": "newBalance",
          "descriptions": "Salah run "
        },
        {
          "id": 25,
          "name": "Real Madric C.F. shorts",
          "price": 45,
          "category": "shorts",
          "image": "https://www.teamzo.com/images/real-madrid-2014-15-adidas-home-football-shorts.jpg",
          "brands": "adidas",
          "descriptions": "The best club in the world"
        },
        {
          "id": 30,
          "name": "Joma boots",
          "price": 90,
          "category": "boots",
          "image": "https://www.futbolemotion.com/imagesarticulos/116257/grandes/bota-joma-champion-ag-blue-0.jpg",
          "brands": "joma",
          "descriptions": "Buy please me"
        },
        {
          "id": 32,
          "name": "Adidas boots",
          "price": 99,
          "category": "boots",
          "image": "https://images.sportsdirect.com/images/products/20317813_l.jpg",
          "brands": "adidas",
          "descriptions": "lorem lorem lorem"
        },
        {
          "id": 33,
          "name": "Nike socks boots",
          "price": 95,
          "category": "boots",
          "image": "https://images.sportsdirect.com/images/products/08526713_l.jpg",
          "brands": "nike",
          "descriptions": "lorem lorem lorem"
        },
        {
          "id": 34,
          "name": "Adidas boots",
          "price": 120,
          "category": "boots",
          "image": "https://images.sportsdirect.com/images/products/08638912_l.jpg",
          "brands": "adidas",
          "descriptions": "The best boots in the world"
        },
        {
          "id": 35,
          "name": "adidas x football boots",
          "price": 90,
          "category": "boots",
          "image": "https://www.lillywhites.com/images/products/20314901_l.jpg",
          "brands": "adidas",
          "descriptions": "lorem lorem"
        },
        {
          "id": 40,
          "name": "West Ham United T-Shirt",
          "price": 25,
          "category": "t-shirt",
          "image": "https://images-na.ssl-images-amazon.com/images/I/61K-QLl5W2L._SX425_.jpg",
          "brands": "umbro",
          "descriptions": "lorem lorem"
        },
        {
          "id": 39,
          "name": "Everton T-Shirt",
          "price": 30,
          "category": "t-shirt",
          "image": "https://cdn1.uksoccershop.com/images/cache/1525095490-everton-umbro-2018-19-home-football-shirt-475x0.jpg",
          "brands": "umbro",
          "descriptions": "lorem lorem"
        },
        {
          "id": 38,
          "name": "Chelsea T-Shirt",
          "price": 40,
          "category": "t-shirt",
          "image": "https://images.nike.com/is/image/DotCom/THN_PS/919009_496/2018-19-chelsea-fc-stadium-home-football-shirt.jpg?hei=620&wid=620&fmt=png",
          "brands": "nike",
          "descriptions": "lorem lorem lorem"
        },
        {
          "id": 37,
          "name": "Dynamo Kyiv T-Shirt",
          "price": 40,
          "category": "t-shirt",
          "image": "https://media.newbalance.ua/images/51/f5/bc521d33d6a36c38cc89d278a032.jpg",
          "brands": "newBalance",
          "descriptions": "lorem lorem"
        },
        {
          "id": 36,
          "name": "Bayern Munich T-Shirt",
          "price": 40,
          "category": "t-shirt",
          "image": "https://img.fcbayern.com/image/upload/f_auto,q_auto/t_productstage/eCommerce/produkte/22909/fc-bayern-trikot-home-18-19.png",
          "brands": "adidas",
          "descriptions": "lorem lorem"
        },
        {
          "id": 41,
          "name": "PSV T-Shirt",
          "price": 15,
          "category": "t-shirt",
          "image": "https://www.deepinlinux.fr/media/import/Images/ensemble%20de%20foot%20PSV%20Entra%C3%AEnement-172dgw.jpg",
          "brands": "umbro",
          "descriptions": "lorem lorem"
        },
        {
          "id": 42,
          "name": "Umbro football shorts",
          "price": 10,
          "category": "shorts",
          "image": "https://www.rebelsport.com.au/dw/image/v2/BBRV_PRD/on/demandware.static/-/Sites-srg-internal-master-catalog/default/dw7ffbf0ec/images/47310701/Rebel_47310701_royal_hi-res.jpg?sw=1000&sh=1000&sm=fit",
          "brands": "umbro",
          "descriptions": "lorem lorem"
        },
        {
          "id": 43,
          "name": "Umbro Football Shorts",
          "price": 10,
          "category": "shorts",
          "image": "https://www.startfitness.co.uk/media/catalog/product/cache/6/image/800x/9df78eab33525d08d6e5fb8d27136e95/u/m/umbro-shorts-687874-074.jpg",
          "brands": "umbro",
          "descriptions": "lorem lorem"
        },
        {
          "id": 44,
          "name": "Umbro football boots",
          "price": 40,
          "category": "boots",
          "image": "https://ae01.alicdn.com/kf/HTB1OXCkaaSWBuNjSsrbq6y0mVXaV/Umbro-Football-Shoes-New-Men-Rubber-Breathable-Anti-Skid-Students-Adult-Competition-Training-Soccer-Shoes-Ucb90105.jpg",
          "brands": "umbro",
          "descriptions": "lorem lorem"
        },
        {
          "id": 45,
          "name": "Reebok boots",
          "price": 60,
          "category": "boots",
          "image": "https://ak1.ostkcdn.com/images/products/18035626/Reebok-PRO-BURNER-SPD-III-LOW-M3-Mens-Football-Shoes-White-Orange-94538e52-12a2-4f13-ada8-c64350e4d2de_600.jpg",
          "brands": "reebok",
          "descriptions": "lorem lorem"
        },
        {
          "id": 50,
          "name": "Nike gloves",
          "price": 90,
          "category": "gloves",
          "image": "http://www.imagehandler.net/?iset=0002&img=A1004832000&fmt=png&w=300&h=300&iindex=0055&c=999&cmp=85",
          "brands": "nike",
          "descriptions": "lorem lorem"
        },
        {
          "id": 49,
          "name": "Nike gloves",
          "price": 85,
          "category": "gloves",
          "image": "https://www.futbolemotion.com/imagesarticulos/114299/540/guante-nike-spyne-pro-white-photo-blue-chlorine-blue-black-0.jpg",
          "brands": "nike",
          "descriptions": "lorem lorem"
        },
        {
          "id": 48,
          "name": "Nike gloves",
          "price": 90,
          "category": "gloves",
          "image": "https://www.proball.ru/upload/images/35630693/9ccdd96412e56dcb02776fb3773d9290_500_500.jpg",
          "brands": "nike",
          "descriptions": "lorem lorem"
        },
        {
          "id": 47,
          "name": "Reebok football T-Shirt",
          "price": 30,
          "category": "t-shirt",
          "image": "http://www.starmaillot.com/files/2013/05/maillot-lens-2010-2011-domicile.jpg",
          "brands": "reebok",
          "descriptions": "lorem lorem"
        },
        {
          "id": 46,
          "name": "Umbro football boots",
          "price": 40,
          "category": "boots",
          "image": "https://ak1.ostkcdn.com/images/products/18037701/Reebok-Mens-Pro-Pump-Burner-Speed-M2-White-Black-Molded-Football-Cleat-b1628775-a06d-4982-92f1-598aa8036bbd_600.jpg",
          "brands": "reebok",
          "descriptions": "lorem lorem"
        },
        {
          "id": 51,
          "name": "Nike Gloves",
          "price": 100,
          "category": "gloves",
          "image": "https://www.futbolemotion.com/imagesarticulos/112912/grandes/guante-nike-spyne-pro-electric-green-volt-black-0.jpg",
          "brands": "nike",
          "descriptions": "lorem lorem"
        },
        {
          "id": 52,
          "name": "Nike Mercurial Victory",
          "price": 120,
          "category": "boots",
          "image": "https://i.ebayimg.com/images/g/EvgAAOSwq8BZbKg6/s-l640.jpg",
          "brands": "nike",
          "descriptions": "lorem lorem"
        },
        {
          "id": 53,
          "name": "Nike football shields",
          "price": 20,
          "category": "accessories",
          "image": "https://soccerpoint.com.ua/upload/catalog/11200/11115/t_futbolnie-shchitki-nike-j-guard-ce-sp2162-731.jpg",
          "brands": "nike",
          "descriptions": "lorem lorem"
        },
        {
          "id": 54,
          "name": "Nike La Liga ball",
          "price": 90,
          "category": "ball",
          "image": "https://cdn3.volusion.com/goz35.avhz4/v/vspfiles/photos/EB-NISC2303-301-2.jpg?1456231556",
          "brands": "nike",
          "descriptions": "lorem lorem lorem"
        },
        {
          "id": 55,
          "name": "Adidas ball UCL",
          "price": 90,
          "category": "ball",
          "image": "https://www.soccermaster.com/wp-content/uploads/cw4134_adidas_finale_18_ucl_top_trainer_ball_sm_01.jpg",
          "brands": "adidas",
          "descriptions": "lorem lorem"
        }
      ],
      "firstName": "Very",
      "secondName": "Rich man",
      "address": "Madrid",
      "status": "delivered",
      "id": 13
    }
  ],
  "question": [
    {
      "body": "You have nike hyperwenom 12R2",
      "id": 4,
      "answer": "No!"
    },
    {
      "body": "",
      "id": 6
    }
  ],
  "users": [
    {
      "firstName": "aaaa",
      "secondName": "aaaa",
      "dateOfBirth": "1993-12-31",
      "email": "aaaa",
      "password": "aaaa",
      "id": 1
    },
    {
      "firstName": "Андрій",
      "secondName": "Гайдар",
      "dateOfBirth": "2019-06-21",
      "email": "haidarandrii@gmail.com",
      "password": "1234567A",
      "id": 2
    },
    {
      "firstName": "Fffffff",
      "secondName": "Ffffff",
      "dateOfBirth": "2000-03-09T22:00:00.000Z",
      "email": "aaaaaaaa@gmail.com",
      "password": "1234567A",
      "id": 3
    },
    {
      "firstName": "aaaa",
      "secondName": "aaaa",
      "dateOfBirth": "2000-01-31T22:00:00.000Z",
      "email": "qwertyu@gmail.com",
      "password": "1234567A",
      "id": 4
    },
    {
      "firstName": "aaaa",
      "secondName": "aaaa",
      "dateOfBirth": "2000-01-31T22:00:00.000Z",
      "email": "qwerty@gmail.com",
      "password": "qwerty123",
      "id": 5
    },
    {
      "firstName": "Т",
      "secondName": "Т",
      "dateOfBirth": "2000-02-01T22:00:00.000Z",
      "email": "qwerty@gmail.com",
      "password": "1234567A",
      "id": 6
    }
  ]
}